Title	URL	Start date	Target date	Labels	Milestone	Assignees	Parent issue	Sub-issues progress	Status	Sprint	Estimate	Linked pull requests
1. Entrega 1 — Abertura do Projeto	https://github.com/fcte-pi1/2026.2_PI1__Grupo2_Juliana/issues/5	Aug 10, 2026	Sep 9, 2026	Entrega, Geral		CeciliaCunha, cwtshh, Jagaima, LuisGuilherme67, MatielloAL	https://github.com/fcte-pi1/2026.2_PI1__Grupo2_Juliana/issues/1	1 / 1 (100%)	Fechado			
F1. Iniciação	https://github.com/fcte-pi1/2026.2_PI1__Grupo2_Juliana/issues/1	Aug 10, 2026	Sep 9, 2026	Fase, Geral		CeciliaCunha, cwtshh, Jagaima, LuisGuilherme67, MatielloAL		1 / 1 (100%)	Fechado			
1.1. Termo de Abertura do Projeto	https://github.com/fcte-pi1/2026.2_PI1__Grupo2_Juliana/issues/10	Aug 10, 2026	Sep 9, 2026	Geral, Pacote de Trabalho	AP2 - TAP	CeciliaCunha	https://github.com/fcte-pi1/2026.2_PI1__Grupo2_Juliana/issues/5		Fechado			
[RF01-E] Sensoriamento de Distância das Paredes	https://github.com/fcte-pi1/2026.2_PI1__Grupo2_Juliana/issues/37	Sep 10, 2026	Sep 14, 2026	Atividade, Eletrõnica, RF	AP3 - Requisitos	fxred, LuisGuilherme67	https://github.com/fcte-pi1/2026.2_PI1__Grupo2_Juliana/issues/148		Backlog do Produto			
2.1.1 — Requisitos de Software	https://github.com/fcte-pi1/2026.2_PI1__Grupo2_Juliana/issues/147	Sep 10, 2026	Sep 14, 2026	Atividade, Software	AP3 - Requisitos	MatielloAL	https://github.com/fcte-pi1/2026.2_PI1__Grupo2_Juliana/issues/11	0 / 40 (0%)	Fechado			
[RF02-E] Regulação de Tensão	https://github.com/fcte-pi1/2026.2_PI1__Grupo2_Juliana/issues/38	Sep 10, 2026	Sep 14, 2026	Atividade, Eletrõnica, RF	AP3 - Requisitos	diegolxxz, MLuana725	https://github.com/fcte-pi1/2026.2_PI1__Grupo2_Juliana/issues/148		Backlog do Produto			
[RF03-E] Comunicação de Telemetria Sem Fio	https://github.com/fcte-pi1/2026.2_PI1__Grupo2_Juliana/issues/39	Sep 10, 2026	Sep 14, 2026	Atividade, Eletrõnica, RF	AP3 - Requisitos	arthurhc3, LuisGuilherme67	https://github.com/fcte-pi1/2026.2_PI1__Grupo2_Juliana/issues/148		Backlog do Produto			
[RF04-E] Controle Independente de Motores	https://github.com/fcte-pi1/2026.2_PI1__Grupo2_Juliana/issues/40	Sep 10, 2026	Sep 14, 2026	Atividade, Eletrõnica, RF	AP3 - Requisitos	diegolxxz, fxred, MLuana725	https://github.com/fcte-pi1/2026.2_PI1__Grupo2_Juliana/issues/148		Backlog do Produto			
[RF05-E] Controle do Giroscópio com Corretude	https://github.com/fcte-pi1/2026.2_PI1__Grupo2_Juliana/issues/41	Sep 10, 2026	Sep 14, 2026	Atividade, Eletrõnica, RF	AP3 - Requisitos	arthurhc3, diegolxxz	https://github.com/fcte-pi1/2026.2_PI1__Grupo2_Juliana/issues/148		Backlog do Produto			
[RF06-E] Velocidade Instantânea e Encoders	https://github.com/fcte-pi1/2026.2_PI1__Grupo2_Juliana/issues/43	Sep 10, 2026	Sep 14, 2026	Atividade, Eletrõnica, RF	AP3 - Requisitos	LuisGuilherme67, MLuana725	https://github.com/fcte-pi1/2026.2_PI1__Grupo2_Juliana/issues/148		Backlog do Produto			
[RF07-E] Seccionamento Elétrico Geral	https://github.com/fcte-pi1/2026.2_PI1__Grupo2_Juliana/issues/45	Sep 10, 2026	Sep 14, 2026	Atividade, Eletrõnica, RF	AP3 - Requisitos	arthurhc3, fxred	https://github.com/fcte-pi1/2026.2_PI1__Grupo2_Juliana/issues/148		Backlog do Produto			
[RNF-01-E] Compatibilidade de Nível Lógico	https://github.com/fcte-pi1/2026.2_PI1__Grupo2_Juliana/issues/46	Sep 10, 2026	Sep 14, 2026	Atividade, Eletrõnica, RNF	AP3 - Requisitos	arthurhc3, LuisGuilherme67	https://github.com/fcte-pi1/2026.2_PI1__Grupo2_Juliana/issues/148		Backlog do Produto			
[RNF02-E] Tempo de Resposta do Sensoriamento	https://github.com/fcte-pi1/2026.2_PI1__Grupo2_Juliana/issues/49	Sep 10, 2026	Sep 14, 2026	Atividade, Eletrõnica, RNF	AP3 - Requisitos	fxred, MLuana725	https://github.com/fcte-pi1/2026.2_PI1__Grupo2_Juliana/issues/148		Backlog do Produto			
[RNF03-E] Estabilidade Elétrica	https://github.com/fcte-pi1/2026.2_PI1__Grupo2_Juliana/issues/50	Sep 10, 2026	Sep 14, 2026	Atividade, Eletrõnica, RNF	AP3 - Requisitos	arthurhc3, diegolxxz	https://github.com/fcte-pi1/2026.2_PI1__Grupo2_Juliana/issues/148		Backlog do Produto			
[RNF04-E] Restrição Dimensional	https://github.com/fcte-pi1/2026.2_PI1__Grupo2_Juliana/issues/51	Sep 10, 2026	Sep 14, 2026	Atividade, Eletrõnica, RNF	AP3 - Requisitos	arthurhc3, diegolxxz, MLuana725	https://github.com/fcte-pi1/2026.2_PI1__Grupo2_Juliana/issues/148		Backlog do Produto			
[RNF05-E] Ausência de Conflitos em Barramentos	https://github.com/fcte-pi1/2026.2_PI1__Grupo2_Juliana/issues/52	Sep 10, 2026	Sep 14, 2026	Atividade, Eletrõnica, RNF	AP3 - Requisitos	LuisGuilherme67, MLuana725	https://github.com/fcte-pi1/2026.2_PI1__Grupo2_Juliana/issues/148		Backlog do Produto			
[RNF06-E] Posicionamento para Precisão de Leituras	https://github.com/fcte-pi1/2026.2_PI1__Grupo2_Juliana/issues/53	Sep 10, 2026	Sep 14, 2026	Atividade, Eletrõnica, RNF	AP3 - Requisitos	MLuana725	https://github.com/fcte-pi1/2026.2_PI1__Grupo2_Juliana/issues/148		Backlog do Produto			
[RF01-EN] Alimentação Principal	https://github.com/fcte-pi1/2026.2_PI1__Grupo2_Juliana/issues/57	Sep 10, 2026	Sep 14, 2026	Atividade, Energia, RF	AP3 - Requisitos	Jagaima	https://github.com/fcte-pi1/2026.2_PI1__Grupo2_Juliana/issues/149		Backlog do Produto			
[RF02-EN] Monitoramento de tensão da bateria	https://github.com/fcte-pi1/2026.2_PI1__Grupo2_Juliana/issues/61	Sep 10, 2026	Sep 14, 2026	Atividade, Energia, RF	AP3 - Requisitos	eduardoorsomarso	https://github.com/fcte-pi1/2026.2_PI1__Grupo2_Juliana/issues/149		Backlog do Produto			
[RF03-EN] Monitorar corrente	https://github.com/fcte-pi1/2026.2_PI1__Grupo2_Juliana/issues/62	Sep 10, 2026	Sep 14, 2026	Atividade, Energia, RF	AP3 - Requisitos	Jagaima	https://github.com/fcte-pi1/2026.2_PI1__Grupo2_Juliana/issues/149		Backlog do Produto			
[RF04-EN] Proteção da bateria	https://github.com/fcte-pi1/2026.2_PI1__Grupo2_Juliana/issues/68	Sep 10, 2026	Sep 14, 2026	Atividade, Energia, RF	AP3 - Requisitos	eduardoorsomarso	https://github.com/fcte-pi1/2026.2_PI1__Grupo2_Juliana/issues/149		Backlog do Produto			
[RF05-EN] Controle de alimentação do sistema	https://github.com/fcte-pi1/2026.2_PI1__Grupo2_Juliana/issues/69	Sep 10, 2026	Sep 14, 2026	Atividade, Energia, RF	AP3 - Requisitos	Jagaima	https://github.com/fcte-pi1/2026.2_PI1__Grupo2_Juliana/issues/149		Backlog do Produto			
[RF-06-EN] Indicação de carga/estado	https://github.com/fcte-pi1/2026.2_PI1__Grupo2_Juliana/issues/70	Sep 10, 2026	Sep 14, 2026	Atividade, Energia, RF	AP3 - Requisitos	eduardoorsomarso	https://github.com/fcte-pi1/2026.2_PI1__Grupo2_Juliana/issues/149		Backlog do Produto			
[RNF01-EN] Autonomia mínima	https://github.com/fcte-pi1/2026.2_PI1__Grupo2_Juliana/issues/71	Sep 10, 2026	Sep 14, 2026	Atividade, Energia, RNF	AP3 - Requisitos	Jagaima	https://github.com/fcte-pi1/2026.2_PI1__Grupo2_Juliana/issues/149		Backlog do Produto			
[RNF-02-EN] Segurança térmica	https://github.com/fcte-pi1/2026.2_PI1__Grupo2_Juliana/issues/72	Sep 10, 2026	Sep 14, 2026	Atividade, Energia, RNF	AP3 - Requisitos	eduardoorsomarso	https://github.com/fcte-pi1/2026.2_PI1__Grupo2_Juliana/issues/149		Backlog do Produto			
[RNF-03-EN] Medições	https://github.com/fcte-pi1/2026.2_PI1__Grupo2_Juliana/issues/73	Sep 10, 2026	Sep 14, 2026	Atividade, Energia, RNF	AP3 - Requisitos	Jagaima	https://github.com/fcte-pi1/2026.2_PI1__Grupo2_Juliana/issues/149		Backlog do Produto			
[RNF04-EN] Medições de peso e composição da bateria	https://github.com/fcte-pi1/2026.2_PI1__Grupo2_Juliana/issues/75	Sep 10, 2026	Sep 14, 2026	Atividade, Energia, RNF	AP3 - Requisitos	eduardoorsomarso	https://github.com/fcte-pi1/2026.2_PI1__Grupo2_Juliana/issues/149		Backlog do Produto			
[RF01-S] Detecção de Paredes	https://github.com/fcte-pi1/2026.2_PI1__Grupo2_Juliana/issues/78	Sep 10, 2026	Sep 14, 2026	Atividade, Back-end, RF, Software	AP3 - Requisitos	Geovanaduartee, HladczukLe, luccameds, marcellaanderle	https://github.com/fcte-pi1/2026.2_PI1__Grupo2_Juliana/issues/147		Backlog do Produto			
[RF02-S] Registro de Célula e Orientação	https://github.com/fcte-pi1/2026.2_PI1__Grupo2_Juliana/issues/84	Sep 10, 2026	Sep 14, 2026	Atividade, Back-end, RF, Software	AP3 - Requisitos	Geovanaduartee, HladczukLe, luccameds, marcellaanderle	https://github.com/fcte-pi1/2026.2_PI1__Grupo2_Juliana/issues/147		Backlog do Produto			
[RF03-S] Movimentação Célula a Célula	https://github.com/fcte-pi1/2026.2_PI1__Grupo2_Juliana/issues/86	Sep 10, 2026	Sep 14, 2026	Atividade, Back-end, RF, Software	AP3 - Requisitos	Geovanaduartee, HladczukLe, luccameds, marcellaanderle	https://github.com/fcte-pi1/2026.2_PI1__Grupo2_Juliana/issues/147	0 / 0 (0%)	Backlog do Produto			
[RF04-S] Identificação do Objetivo	https://github.com/fcte-pi1/2026.2_PI1__Grupo2_Juliana/issues/87	Sep 10, 2026	Sep 14, 2026	Atividade, Back-end, RF, Software	AP3 - Requisitos	Geovanaduartee, HladczukLe, luccameds, marcellaanderle	https://github.com/fcte-pi1/2026.2_PI1__Grupo2_Juliana/issues/147		Backlog do Produto			
[RF05-S] Transmissão de Telemetria	https://github.com/fcte-pi1/2026.2_PI1__Grupo2_Juliana/issues/88	Sep 10, 2026	Sep 14, 2026	Atividade, Back-end, RF, Software	AP3 - Requisitos	Geovanaduartee, HladczukLe, luccameds, marcellaanderle	https://github.com/fcte-pi1/2026.2_PI1__Grupo2_Juliana/issues/147		Backlog do Produto			
[RF06-S] Exibição de Telemetria em Tempo Real	https://github.com/fcte-pi1/2026.2_PI1__Grupo2_Juliana/issues/89	Sep 10, 2026	Sep 14, 2026	Atividade, Front-end, RF, Software	AP3 - Requisitos	CeciliaCunha, jevprado, MatielloAL	https://github.com/fcte-pi1/2026.2_PI1__Grupo2_Juliana/issues/147		Backlog do Produto			
[RF07-S] Persistência dos Dados Finais	https://github.com/fcte-pi1/2026.2_PI1__Grupo2_Juliana/issues/90	Sep 10, 2026	Sep 14, 2026	Atividade, Back-end, RF, Software	AP3 - Requisitos	Geovanaduartee, HladczukLe, luccameds, marcellaanderle	https://github.com/fcte-pi1/2026.2_PI1__Grupo2_Juliana/issues/147		Backlog do Produto			
[RF08-S] Consulta por Labirinto	https://github.com/fcte-pi1/2026.2_PI1__Grupo2_Juliana/issues/91	Sep 10, 2026	Sep 14, 2026	Atividade, Back-end, RF, Software	AP3 - Requisitos	Geovanaduartee, HladczukLe, luccameds, marcellaanderle	https://github.com/fcte-pi1/2026.2_PI1__Grupo2_Juliana/issues/147		Backlog do Produto			
[RF09-S] Consulta Geral	https://github.com/fcte-pi1/2026.2_PI1__Grupo2_Juliana/issues/92	Sep 10, 2026	Sep 14, 2026	Atividade, Back-end, RF, Software	AP3 - Requisitos	Geovanaduartee, HladczukLe, luccameds, marcellaanderle	https://github.com/fcte-pi1/2026.2_PI1__Grupo2_Juliana/issues/147		Backlog do Produto			
[RF10-S] Controle de Tentativas	https://github.com/fcte-pi1/2026.2_PI1__Grupo2_Juliana/issues/93	Sep 10, 2026	Sep 14, 2026	Atividade, Back-end, RNF, Software	AP3 - Requisitos	CeciliaCunha, jevprado, MatielloAL	https://github.com/fcte-pi1/2026.2_PI1__Grupo2_Juliana/issues/147		A Fazer			
[RF11-S] Algoritmo de Mapeamento	https://github.com/fcte-pi1/2026.2_PI1__Grupo2_Juliana/issues/94	Sep 10, 2026	Sep 14, 2026	Atividade, Back-end, RF, Software	AP3 - Requisitos	Geovanaduartee, HladczukLe, luccameds, marcellaanderle	https://github.com/fcte-pi1/2026.2_PI1__Grupo2_Juliana/issues/147		Backlog do Produto			
[RF12-S] Cálculo de Menor Caminho	https://github.com/fcte-pi1/2026.2_PI1__Grupo2_Juliana/issues/95	Sep 10, 2026	Sep 14, 2026	Atividade, Back-end, RF, Software	AP3 - Requisitos	Geovanaduartee, HladczukLe, luccameds, marcellaanderle	https://github.com/fcte-pi1/2026.2_PI1__Grupo2_Juliana/issues/147		Backlog do Produto			
[RF13-S] Modo Automático	https://github.com/fcte-pi1/2026.2_PI1__Grupo2_Juliana/issues/96	Sep 10, 2026	Sep 14, 2026	Atividade, Back-end, RF, Software	AP3 - Requisitos	Geovanaduartee, HladczukLe, luccameds, marcellaanderle	https://github.com/fcte-pi1/2026.2_PI1__Grupo2_Juliana/issues/147		Backlog do Produto			
[RF14-S] Filtro de Ruído nos Sensores	https://github.com/fcte-pi1/2026.2_PI1__Grupo2_Juliana/issues/97	Sep 10, 2026	Sep 14, 2026	Atividade, Back-end, RF, Software	AP3 - Requisitos	Geovanaduartee, HladczukLe, luccameds, marcellaanderle	https://github.com/fcte-pi1/2026.2_PI1__Grupo2_Juliana/issues/147		Backlog do Produto			
[RF15-S] Controle em Malha Fechada (PID)	https://github.com/fcte-pi1/2026.2_PI1__Grupo2_Juliana/issues/98	Sep 10, 2026	Sep 14, 2026	Atividade, Back-end, RF, Software	AP3 - Requisitos	Geovanaduartee, HladczukLe, luccameds, marcellaanderle	https://github.com/fcte-pi1/2026.2_PI1__Grupo2_Juliana/issues/147		Backlog do Produto			
[RF16-S] Recuperação de Erros de Deslocamento	https://github.com/fcte-pi1/2026.2_PI1__Grupo2_Juliana/issues/99	Sep 10, 2026	Sep 14, 2026	Atividade, Back-end, RF, Software	AP3 - Requisitos	Geovanaduartee, HladczukLe, luccameds, marcellaanderle	https://github.com/fcte-pi1/2026.2_PI1__Grupo2_Juliana/issues/147		Backlog do Produto			
[RF17-S] Calibração Inicial Automática	https://github.com/fcte-pi1/2026.2_PI1__Grupo2_Juliana/issues/100	Sep 10, 2026	Sep 14, 2026	Atividade, Back-end, RF, Software	AP3 - Requisitos	Geovanaduartee, HladczukLe, luccameds, marcellaanderle	https://github.com/fcte-pi1/2026.2_PI1__Grupo2_Juliana/issues/147		Backlog do Produto			
[RF18-S] Exportação de Relatórios	https://github.com/fcte-pi1/2026.2_PI1__Grupo2_Juliana/issues/101	Sep 10, 2026	Sep 14, 2026	Atividade, Front-end, RF, Software	AP3 - Requisitos	CeciliaCunha, jevprado, MatielloAL	https://github.com/fcte-pi1/2026.2_PI1__Grupo2_Juliana/issues/147		Backlog do Produto			
[RF19-S] Indicadores de Status de Bateria e Conexão	https://github.com/fcte-pi1/2026.2_PI1__Grupo2_Juliana/issues/102	Sep 10, 2026	Sep 14, 2026	Atividade, Front-end, RF, Software	AP3 - Requisitos	CeciliaCunha, jevprado, MatielloAL	https://github.com/fcte-pi1/2026.2_PI1__Grupo2_Juliana/issues/147		Backlog do Produto			
[RF20-S] Log de Eventos e Erros	https://github.com/fcte-pi1/2026.2_PI1__Grupo2_Juliana/issues/103	Sep 10, 2026	Sep 14, 2026	Atividade, Back-end, RF, Software	AP3 - Requisitos	Geovanaduartee, HladczukLe, luccameds, marcellaanderle	https://github.com/fcte-pi1/2026.2_PI1__Grupo2_Juliana/issues/147		Backlog do Produto			
[RF21-S] Autenticação de Usuários no Sistema Web	https://github.com/fcte-pi1/2026.2_PI1__Grupo2_Juliana/issues/104	Sep 10, 2026	Sep 14, 2026	Atividade, Front-end, RF, Software	AP3 - Requisitos	CeciliaCunha, jevprado, MatielloAL	https://github.com/fcte-pi1/2026.2_PI1__Grupo2_Juliana/issues/147		Backlog do Produto			
[RF22-S] Atualização de Firmware via OTA (Over-The-Air)	https://github.com/fcte-pi1/2026.2_PI1__Grupo2_Juliana/issues/105	Sep 10, 2026	Sep 14, 2026	Atividade, Back-end, RF, Software	AP3 - Requisitos	Geovanaduartee, HladczukLe, luccameds, marcellaanderle	https://github.com/fcte-pi1/2026.2_PI1__Grupo2_Juliana/issues/147		Backlog do Produto			
[RF23-S] Partida em Beco sem Saída	https://github.com/fcte-pi1/2026.2_PI1__Grupo2_Juliana/issues/106	Sep 10, 2026	Sep 14, 2026	Atividade, RF, Software	AP3 - Requisitos	Geovanaduartee, HladczukLe, luccameds, marcellaanderle	https://github.com/fcte-pi1/2026.2_PI1__Grupo2_Juliana/issues/147		A Fazer			
[RF24-S] Validação de Pacotes de Telemetria	https://github.com/fcte-pi1/2026.2_PI1__Grupo2_Juliana/issues/107	Sep 10, 2026	Sep 14, 2026	Atividade, Back-end, RF, Software	AP3 - Requisitos	Geovanaduartee, HladczukLe, luccameds, marcellaanderle	https://github.com/fcte-pi1/2026.2_PI1__Grupo2_Juliana/issues/147		Backlog do Produto			
[RF25-S] Armazenamento Local de Telemetria	https://github.com/fcte-pi1/2026.2_PI1__Grupo2_Juliana/issues/108	Sep 10, 2026	Sep 14, 2026	Atividade, Back-end, RF, Software	AP3 - Requisitos	Geovanaduartee, HladczukLe, luccameds, marcellaanderle	https://github.com/fcte-pi1/2026.2_PI1__Grupo2_Juliana/issues/147		Backlog do Produto			
[RNF01-S] Tempo de Resposta do Algoritmo	https://github.com/fcte-pi1/2026.2_PI1__Grupo2_Juliana/issues/112	Sep 10, 2026	Sep 14, 2026	Atividade, Back-end, RNF, Software	AP3 - Requisitos	Geovanaduartee, HladczukLe, luccameds, marcellaanderle	https://github.com/fcte-pi1/2026.2_PI1__Grupo2_Juliana/issues/147		Backlog do Produto			
[RNF02-S] Confiabilidade de Navegação	https://github.com/fcte-pi1/2026.2_PI1__Grupo2_Juliana/issues/113	Sep 10, 2026	Sep 14, 2026	Atividade, Back-end, RNF, Software	AP3 - Requisitos	Geovanaduartee, HladczukLe, luccameds, marcellaanderle	https://github.com/fcte-pi1/2026.2_PI1__Grupo2_Juliana/issues/147		Backlog do Produto			
[RNF03-S] Uso Eficiente de Memória	https://github.com/fcte-pi1/2026.2_PI1__Grupo2_Juliana/issues/114	Sep 10, 2026	Sep 14, 2026	Atividade, Back-end, RNF, Software	AP3 - Requisitos	Geovanaduartee, HladczukLe, luccameds, marcellaanderle	https://github.com/fcte-pi1/2026.2_PI1__Grupo2_Juliana/issues/147		Backlog do Produto			
[RNF04-S] Disponibilidade do Sistema Web	https://github.com/fcte-pi1/2026.2_PI1__Grupo2_Juliana/issues/115	Sep 10, 2026	Sep 14, 2026	Atividade, Back-end, RNF, Software	AP3 - Requisitos	Geovanaduartee, HladczukLe, luccameds, marcellaanderle	https://github.com/fcte-pi1/2026.2_PI1__Grupo2_Juliana/issues/147		Backlog do Produto			
[RNF05-S] Usabilidade da Interface	https://github.com/fcte-pi1/2026.2_PI1__Grupo2_Juliana/issues/116	Sep 10, 2026	Sep 14, 2026	Atividade, Front-end, RNF, Software	AP3 - Requisitos	CeciliaCunha, jevprado, MatielloAL	https://github.com/fcte-pi1/2026.2_PI1__Grupo2_Juliana/issues/147		Backlog do Produto			
[RNF06-S] Latência de Telemetria	https://github.com/fcte-pi1/2026.2_PI1__Grupo2_Juliana/issues/117	Sep 10, 2026	Sep 14, 2026	Atividade, Back-end, RNF, Software	AP3 - Requisitos	Geovanaduartee, HladczukLe, luccameds, marcellaanderle	https://github.com/fcte-pi1/2026.2_PI1__Grupo2_Juliana/issues/147		Backlog do Produto			
[RNF07-S] Integridade dos Dados Armazenados	https://github.com/fcte-pi1/2026.2_PI1__Grupo2_Juliana/issues/118	Sep 10, 2026	Sep 14, 2026	Atividade, Back-end, RNF, Software	AP3 - Requisitos	Geovanaduartee, HladczukLe, luccameds, marcellaanderle	https://github.com/fcte-pi1/2026.2_PI1__Grupo2_Juliana/issues/147		Backlog do Produto			
[RNF08-S] Manutenibilidade	https://github.com/fcte-pi1/2026.2_PI1__Grupo2_Juliana/issues/119	Sep 10, 2026	Sep 14, 2026	Atividade, Back-end, RNF, Software	AP3 - Requisitos	CeciliaCunha, MatielloAL	https://github.com/fcte-pi1/2026.2_PI1__Grupo2_Juliana/issues/147		Backlog do Produto			
[RNF09-S] Portabilidade do Código	https://github.com/fcte-pi1/2026.2_PI1__Grupo2_Juliana/issues/120	Sep 10, 2026	Sep 14, 2026	Atividade, Back-end, RNF, Software	AP3 - Requisitos	CeciliaCunha, MatielloAL	https://github.com/fcte-pi1/2026.2_PI1__Grupo2_Juliana/issues/147		Backlog do Produto			
[RNF10-S] Testabilidade	https://github.com/fcte-pi1/2026.2_PI1__Grupo2_Juliana/issues/121	Sep 10, 2026	Sep 14, 2026	Atividade, Back-end, RNF, Software	AP3 - Requisitos	CeciliaCunha, MatielloAL	https://github.com/fcte-pi1/2026.2_PI1__Grupo2_Juliana/issues/147		Backlog do Produto			
[RNF11-S] Design Responsivo	https://github.com/fcte-pi1/2026.2_PI1__Grupo2_Juliana/issues/122	Sep 10, 2026	Sep 14, 2026	Atividade, Front-end, RNF, Software	AP3 - Requisitos	CeciliaCunha, jevprado, MatielloAL	https://github.com/fcte-pi1/2026.2_PI1__Grupo2_Juliana/issues/147		Backlog do Produto			
[RNF12-S] Tolerância a Falhas na Comunicação	https://github.com/fcte-pi1/2026.2_PI1__Grupo2_Juliana/issues/123	Sep 10, 2026	Sep 14, 2026	Atividade, Back-end, RNF, Software	AP3 - Requisitos	Geovanaduartee, HladczukLe, luccameds, marcellaanderle	https://github.com/fcte-pi1/2026.2_PI1__Grupo2_Juliana/issues/147		Backlog do Produto			
[RNF13-S] Concorrência e Escala de Conexões	https://github.com/fcte-pi1/2026.2_PI1__Grupo2_Juliana/issues/124	Sep 10, 2026	Sep 14, 2026	Atividade, Back-end, RNF, Software	AP3 - Requisitos	Geovanaduartee, HladczukLe, luccameds, marcellaanderle	https://github.com/fcte-pi1/2026.2_PI1__Grupo2_Juliana/issues/147		Backlog do Produto			
[RNF14-S] Segurança na Comunicação	https://github.com/fcte-pi1/2026.2_PI1__Grupo2_Juliana/issues/125	Sep 10, 2026	Sep 14, 2026	Atividade, Back-end, RNF, Software	AP3 - Requisitos	Geovanaduartee, HladczukLe, luccameds, marcellaanderle	https://github.com/fcte-pi1/2026.2_PI1__Grupo2_Juliana/issues/147		Backlog do Produto			
[RNF15-S] Independência de Conexão na Navegação	https://github.com/fcte-pi1/2026.2_PI1__Grupo2_Juliana/issues/126	Sep 10, 2026	Sep 14, 2026	Atividade, Back-end, RNF, Software	AP3 - Requisitos	Geovanaduartee, HladczukLe, luccameds, marcellaanderle	https://github.com/fcte-pi1/2026.2_PI1__Grupo2_Juliana/issues/147		Backlog do Produto			
2.1.2 — Requisitos de Eletrônica	https://github.com/fcte-pi1/2026.2_PI1__Grupo2_Juliana/issues/148	Sep 10, 2026	Sep 14, 2026	Atividade, Eletrõnica	AP3 - Requisitos	LuisGuilherme67	https://github.com/fcte-pi1/2026.2_PI1__Grupo2_Juliana/issues/11	0 / 13 (0%)	Fechado			
2.1.3 — Requisitos de Energia	https://github.com/fcte-pi1/2026.2_PI1__Grupo2_Juliana/issues/149	Sep 10, 2026	Sep 14, 2026	Atividade, Energia	AP3 - Requisitos	Jagaima	https://github.com/fcte-pi1/2026.2_PI1__Grupo2_Juliana/issues/11	0 / 10 (0%)	Fechado			
2.1.4 — Requisitos de Estruturas	https://github.com/fcte-pi1/2026.2_PI1__Grupo2_Juliana/issues/150	Sep 10, 2026	Sep 14, 2026	Atividade, Estruturas	AP3 - Requisitos	cwtshh	https://github.com/fcte-pi1/2026.2_PI1__Grupo2_Juliana/issues/11	0 / 23 (0%)	Fechado			
2. Entrega 2 — Planejamento do Produto	https://github.com/fcte-pi1/2026.2_PI1__Grupo2_Juliana/issues/6	Sep 10, 2026	Sep 30, 2026	Entrega, Geral		CeciliaCunha, cwtshh, Jagaima, LuisGuilherme67, MatielloAL	https://github.com/fcte-pi1/2026.2_PI1__Grupo2_Juliana/issues/2	6 / 8 (75%)	Em Progesso			
F2. Planejamento	https://github.com/fcte-pi1/2026.2_PI1__Grupo2_Juliana/issues/2	Sep 10, 2026	Sep 30, 2026	Fase, Geral		CeciliaCunha, cwtshh, Jagaima, LuisGuilherme67, MatielloAL		0 / 1 (0%)	Em Progesso			
2.1 — Requisitos do Produto	https://github.com/fcte-pi1/2026.2_PI1__Grupo2_Juliana/issues/11	Sep 10, 2026	Sep 14, 2026	Geral, Pacote de Trabalho	AP3 - Requisitos	CeciliaCunha, cwtshh, Jagaima, LuisGuilherme67, MatielloAL	https://github.com/fcte-pi1/2026.2_PI1__Grupo2_Juliana/issues/6	4 / 4 (100%)	Fechado			
2.2.1 - Revisar a hierarquia da EAP no visualizador do board	https://github.com/fcte-pi1/2026.2_PI1__Grupo2_Juliana/issues/109	Sep 14, 2026	Sep 16, 2026	Atividade, Geral	AP4 - EAP	CeciliaCunha, cwtshh, Jagaima, LuisGuilherme67, MatielloAL	https://github.com/fcte-pi1/2026.2_PI1__Grupo2_Juliana/issues/12		Fechado			
2.2.2 - Gerar a imagem oficial da representação da EAP	https://github.com/fcte-pi1/2026.2_PI1__Grupo2_Juliana/issues/110	Sep 14, 2026	Sep 16, 2026	Atividade, Geral	AP4 - EAP	CeciliaCunha	https://github.com/fcte-pi1/2026.2_PI1__Grupo2_Juliana/issues/12		Fechado			
2.2.3 - Preencher e formatar o documento da EAP	https://github.com/fcte-pi1/2026.2_PI1__Grupo2_Juliana/issues/111	Sep 14, 2026	Sep 16, 2026	Atividade, Geral	AP4 - EAP	CeciliaCunha	https://github.com/fcte-pi1/2026.2_PI1__Grupo2_Juliana/issues/12		Fechado			
2.2 — EAP (Estrutura Analítica de Produto)	https://github.com/fcte-pi1/2026.2_PI1__Grupo2_Juliana/issues/12	Sep 14, 2026	Sep 16, 2026	Geral, Pacote de Trabalho	AP4 - EAP	CeciliaCunha	https://github.com/fcte-pi1/2026.2_PI1__Grupo2_Juliana/issues/6	3 / 3 (100%)	Fechado			
2.3.1 - Desenho CAD do chassi com cotas, materiais e peças	https://github.com/fcte-pi1/2026.2_PI1__Grupo2_Juliana/issues/127	Sep 17, 2026	Sep 28, 2026	Atividade, Estruturas	AP5 - Projeto Conceitual	anabiacs	https://github.com/fcte-pi1/2026.2_PI1__Grupo2_Juliana/issues/13		Fechado			
2.3.2 - Justificar as decisões de projeto estrutural	https://github.com/fcte-pi1/2026.2_PI1__Grupo2_Juliana/issues/128	Sep 17, 2026	Sep 28, 2026	Atividade, Estruturas	AP5 - Projeto Conceitual	cwtshh, Mach1r0	https://github.com/fcte-pi1/2026.2_PI1__Grupo2_Juliana/issues/13		Fechado			
2.3.3 - Preencher o documento de projeto conceitual de estruturas	https://github.com/fcte-pi1/2026.2_PI1__Grupo2_Juliana/issues/129	Sep 17, 2026	Sep 28, 2026	Atividade, Estruturas	AP5 - Projeto Conceitual	cwtshh	https://github.com/fcte-pi1/2026.2_PI1__Grupo2_Juliana/issues/13		Fechado			
2.4.1 - Levantar consumo de cada componente (tensão, corrente, tempo)	https://github.com/fcte-pi1/2026.2_PI1__Grupo2_Juliana/issues/130	Sep 17, 2026	Sep 28, 2026	Atividade, Energia	AP5 - Projeto Conceitual	eduardoorsomarso	https://github.com/fcte-pi1/2026.2_PI1__Grupo2_Juliana/issues/14		Fechado			
2.4.2 - Calcular energia total e definir a margem de segurança	https://github.com/fcte-pi1/2026.2_PI1__Grupo2_Juliana/issues/131	Sep 17, 2026	Sep 28, 2026	Atividade, Energia	AP5 - Projeto Conceitual	Jagaima	https://github.com/fcte-pi1/2026.2_PI1__Grupo2_Juliana/issues/14		Fechado			
2.4.3 - Definir o circuito de alimentação, reguladores e proteções	https://github.com/fcte-pi1/2026.2_PI1__Grupo2_Juliana/issues/132	Sep 17, 2026	Sep 28, 2026	Atividade, Energia	AP5 - Projeto Conceitual	eduardoorsomarso	https://github.com/fcte-pi1/2026.2_PI1__Grupo2_Juliana/issues/14		Fechado			
2.4.4 - Preencher o documento de projeto conceitual de energia	https://github.com/fcte-pi1/2026.2_PI1__Grupo2_Juliana/issues/133	Sep 17, 2026	Sep 28, 2026	Atividade, Energia	AP5 - Projeto Conceitual	Jagaima	https://github.com/fcte-pi1/2026.2_PI1__Grupo2_Juliana/issues/14		Fechado			https://github.com/fcte-pi1/2026.2_PI1__Grupo2_Juliana/pull/177
2.5.1 - Diagrama de blocos do hardware	https://github.com/fcte-pi1/2026.2_PI1__Grupo2_Juliana/issues/134	Sep 17, 2026	Sep 28, 2026	Atividade, Eletrõnica	AP5 - Projeto Conceitual	fxred	https://github.com/fcte-pi1/2026.2_PI1__Grupo2_Juliana/issues/15		Fechado			
2.5.2 - Esquema elétrico com componentes, conexões e pinagem	https://github.com/fcte-pi1/2026.2_PI1__Grupo2_Juliana/issues/135	Sep 17, 2026	Sep 28, 2026	Atividade, Eletrõnica	AP5 - Projeto Conceitual	arthurhc3, diegolxxz	https://github.com/fcte-pi1/2026.2_PI1__Grupo2_Juliana/issues/15		Fechado			
2.5.3 - Mapa de pinos do ESP32 e endereçamento do barramento I2C	https://github.com/fcte-pi1/2026.2_PI1__Grupo2_Juliana/issues/136	Sep 17, 2026	Sep 28, 2026	Atividade, Eletrõnica	AP5 - Projeto Conceitual	MLuana725	https://github.com/fcte-pi1/2026.2_PI1__Grupo2_Juliana/issues/15		Fechado			
2.5.4 - Preencher o documento de projeto conceitual de hardware	https://github.com/fcte-pi1/2026.2_PI1__Grupo2_Juliana/issues/137	Sep 17, 2026	Sep 28, 2026	Atividade, Eletrõnica	AP5 - Projeto Conceitual	LuisGuilherme67	https://github.com/fcte-pi1/2026.2_PI1__Grupo2_Juliana/issues/15		Fechado			https://github.com/fcte-pi1/2026.2_PI1__Grupo2_Juliana/pull/178
2.6.1 - Protótipos de Interface e Dashboard (Front-end)	https://github.com/fcte-pi1/2026.2_PI1__Grupo2_Juliana/issues/138	Sep 17, 2026	Sep 28, 2026	Atividade, Software	AP5 - Projeto Conceitual	jevprado	https://github.com/fcte-pi1/2026.2_PI1__Grupo2_Juliana/issues/16		Fechado			https://github.com/fcte-pi1/2026.2_PI1__Grupo2_Juliana/pull/181
2.6.2 - Arquitetura do Servidor e Banco de Dados (Back-end)	https://github.com/fcte-pi1/2026.2_PI1__Grupo2_Juliana/issues/139	Sep 17, 2026	Sep 28, 2026	Atividade, Software	AP5 - Projeto Conceitual	CeciliaCunha, HladczukLe	https://github.com/fcte-pi1/2026.2_PI1__Grupo2_Juliana/issues/16		Fechado			https://github.com/fcte-pi1/2026.2_PI1__Grupo2_Juliana/pull/183, https://github.com/fcte-pi1/2026.2_PI1__Grupo2_Juliana/pull/184
2.6.3 - Fluxograma e Lógica do Algoritmo de Navegação (Firmware)	https://github.com/fcte-pi1/2026.2_PI1__Grupo2_Juliana/issues/140	Sep 17, 2026	Sep 28, 2026	Atividade, Software	AP5 - Projeto Conceitual	Geovanaduartee	https://github.com/fcte-pi1/2026.2_PI1__Grupo2_Juliana/issues/16		Fechado			https://github.com/fcte-pi1/2026.2_PI1__Grupo2_Juliana/pull/185
2.6.6 - Preencher o documento de projeto conceitual de software	https://github.com/fcte-pi1/2026.2_PI1__Grupo2_Juliana/issues/141	Sep 17, 2026	Sep 28, 2026	Atividade, Software	AP5 - Projeto Conceitual	CeciliaCunha	https://github.com/fcte-pi1/2026.2_PI1__Grupo2_Juliana/issues/16	0 / 0 (0%)	Fechado			https://github.com/fcte-pi1/2026.2_PI1__Grupo2_Juliana/pull/186
2.6.4 - Detalhamento do Acúmulo de Produto (Histórias de Usuário)	https://github.com/fcte-pi1/2026.2_PI1__Grupo2_Juliana/issues/188	Sep 17, 2026	Sep 28, 2026	Atividade, Software	AP5 - Projeto Conceitual	MatielloAL	https://github.com/fcte-pi1/2026.2_PI1__Grupo2_Juliana/issues/16		Fechado		0	https://github.com/fcte-pi1/2026.2_PI1__Grupo2_Juliana/pull/180
2.6.5 - Elaborar Roteiro de Testes Funcionais	https://github.com/fcte-pi1/2026.2_PI1__Grupo2_Juliana/issues/189	Sep 17, 2026	Sep 28, 2026	Atividade, Software	AP5 - Projeto Conceitual	luccameds, marcellaanderle	https://github.com/fcte-pi1/2026.2_PI1__Grupo2_Juliana/issues/16		Fechado		0	https://github.com/fcte-pi1/2026.2_PI1__Grupo2_Juliana/pull/176
2.5.4 - Justificar as decisões de projeto de hardware	https://github.com/fcte-pi1/2026.2_PI1__Grupo2_Juliana/issues/190	Sep 17, 2026	Sep 28, 2026	Atividade, Eletrõnica	AP5 - Projeto Conceitual	LuisGuilherme67	https://github.com/fcte-pi1/2026.2_PI1__Grupo2_Juliana/issues/15		Fechado		0	
2.5 — Projeto Conceitual de Hardware (Eletrônica)	https://github.com/fcte-pi1/2026.2_PI1__Grupo2_Juliana/issues/15	Sep 17, 2026	Sep 28, 2026	Eletrõnica, Pacote de Trabalho	AP5 - Projeto Conceitual	arthurhc3, diegolxxz, fxred, LuisGuilherme67, MLuana725	https://github.com/fcte-pi1/2026.2_PI1__Grupo2_Juliana/issues/6	5 / 5 (100%)	Fechado			
2.4 — Projeto Conceitual de Energia	https://github.com/fcte-pi1/2026.2_PI1__Grupo2_Juliana/issues/14	Sep 17, 2026	Sep 28, 2026	Energia, Pacote de Trabalho	AP5 - Projeto Conceitual	eduardoorsomarso, Jagaima	https://github.com/fcte-pi1/2026.2_PI1__Grupo2_Juliana/issues/6	4 / 4 (100%)	Fechado			
2.3 — Projeto Conceitual de Estruturas	https://github.com/fcte-pi1/2026.2_PI1__Grupo2_Juliana/issues/13	Sep 17, 2026	Sep 28, 2026	Estruturas, Pacote de Trabalho	AP5 - Projeto Conceitual	cwtshh, Mach1r0	https://github.com/fcte-pi1/2026.2_PI1__Grupo2_Juliana/issues/6	3 / 3 (100%)	Fechado			
2.6 — Projeto Conceitual de Software	https://github.com/fcte-pi1/2026.2_PI1__Grupo2_Juliana/issues/16	Sep 17, 2026	Sep 28, 2026	Pacote de Trabalho, Software	AP5 - Projeto Conceitual	CeciliaCunha, Geovanaduartee, HladczukLe, Jose1277, luccameds, marcellaanderle, MatielloAL	https://github.com/fcte-pi1/2026.2_PI1__Grupo2_Juliana/issues/6	6 / 6 (100%)	Fechado			
2.7.1 - Definir datas e responsáveis no Kanban	https://github.com/fcte-pi1/2026.2_PI1__Grupo2_Juliana/issues/142	Sep 28, 2026	Sep 30, 2026	Atividade, Geral	AP6 - Cronograma e Orçamento	CeciliaCunha, cwtshh, Jagaima, LuisGuilherme67, MatielloAL	https://github.com/fcte-pi1/2026.2_PI1__Grupo2_Juliana/issues/17		Em Progesso			
2.7.2 - Preencher o documento do Cronograma	https://github.com/fcte-pi1/2026.2_PI1__Grupo2_Juliana/issues/143	Sep 28, 2026	Sep 30, 2026	Atividade, Geral	AP6 - Cronograma e Orçamento	CeciliaCunha	https://github.com/fcte-pi1/2026.2_PI1__Grupo2_Juliana/issues/17		Em Progesso			
2.8.1 - Consolidar a lista de peças (BOM) das 4 frentes	https://github.com/fcte-pi1/2026.2_PI1__Grupo2_Juliana/issues/144	Sep 28, 2026	Sep 30, 2026	Atividade, Geral	AP6 - Cronograma e Orçamento	CeciliaCunha, cwtshh, Jagaima, LuisGuilherme67, MatielloAL	https://github.com/fcte-pi1/2026.2_PI1__Grupo2_Juliana/issues/18		Em Progesso			
2.8.2 - Calcular o custo da mão de obra estudantil	https://github.com/fcte-pi1/2026.2_PI1__Grupo2_Juliana/issues/145	Sep 28, 2026	Sep 30, 2026	Atividade, Geral	AP6 - Cronograma e Orçamento	CeciliaCunha, cwtshh, Jagaima, LuisGuilherme67, MatielloAL	https://github.com/fcte-pi1/2026.2_PI1__Grupo2_Juliana/issues/18	0 / 0 (0%)	Em Progesso			
2.8.3 - Preencher documento do orçamento	https://github.com/fcte-pi1/2026.2_PI1__Grupo2_Juliana/issues/146	Sep 28, 2026	Sep 30, 2026	Atividade, Geral	AP6 - Cronograma e Orçamento	CeciliaCunha	https://github.com/fcte-pi1/2026.2_PI1__Grupo2_Juliana/issues/18	0 / 0 (0%)	Em Progesso			https://github.com/fcte-pi1/2026.2_PI1__Grupo2_Juliana/pull/191
2.7 — Cronograma do Projeto	https://github.com/fcte-pi1/2026.2_PI1__Grupo2_Juliana/issues/17	Sep 28, 2026	Sep 30, 2026	Geral, Pacote de Trabalho	AP6 - Cronograma e Orçamento	CeciliaCunha, cwtshh, Jagaima, LuisGuilherme67, MatielloAL	https://github.com/fcte-pi1/2026.2_PI1__Grupo2_Juliana/issues/6	0 / 2 (0%)	Em Progesso			
2.8 — Orçamento do Projeto	https://github.com/fcte-pi1/2026.2_PI1__Grupo2_Juliana/issues/18	Sep 28, 2026	Sep 30, 2026	Geral, Pacote de Trabalho	AP6 - Cronograma e Orçamento	CeciliaCunha, cwtshh, Jagaima, LuisGuilherme67, MatielloAL	https://github.com/fcte-pi1/2026.2_PI1__Grupo2_Juliana/issues/6	0 / 3 (0%)	Em Progesso			
3.1.1 - Realizar a compra e recebimento dos materiais	https://github.com/fcte-pi1/2026.2_PI1__Grupo2_Juliana/issues/151	Oct 1, 2026	Oct 19, 2026	Atividade, Geral	AP12- Testes das Frentes	CeciliaCunha, cwtshh, Jagaima, LuisGuilherme67, MatielloAL	https://github.com/fcte-pi1/2026.2_PI1__Grupo2_Juliana/issues/19		A Fazer			
3.1.2 - Teste de bancada inicial dos componentes	https://github.com/fcte-pi1/2026.2_PI1__Grupo2_Juliana/issues/152	Oct 1, 2026	Oct 19, 2026	Atividade, Geral	AP12- Testes das Frentes		https://github.com/fcte-pi1/2026.2_PI1__Grupo2_Juliana/issues/19		A Fazer			
3.2.1 - Fabricação e usinagem das peças do chassi	https://github.com/fcte-pi1/2026.2_PI1__Grupo2_Juliana/issues/153	Oct 1, 2026	Oct 19, 2026	Atividade, Estruturas	AP12- Testes das Frentes		https://github.com/fcte-pi1/2026.2_PI1__Grupo2_Juliana/issues/20		A Fazer			
3.2.2 - Montagem mecânica do robô	https://github.com/fcte-pi1/2026.2_PI1__Grupo2_Juliana/issues/154	Oct 1, 2026	Oct 19, 2026	Atividade, Estruturas	AP12- Testes das Frentes		https://github.com/fcte-pi1/2026.2_PI1__Grupo2_Juliana/issues/20		A Fazer			
3.3.1 - Construção da base e paredes do labirinto	https://github.com/fcte-pi1/2026.2_PI1__Grupo2_Juliana/issues/155	Oct 1, 2026	Oct 19, 2026	Atividade, Estruturas	AP12- Testes das Frentes		https://github.com/fcte-pi1/2026.2_PI1__Grupo2_Juliana/issues/21		A Fazer			
3.3.2 - Montagem do sistema de fixação do labirinto	https://github.com/fcte-pi1/2026.2_PI1__Grupo2_Juliana/issues/156	Oct 1, 2026	Oct 19, 2026	Atividade, Estruturas	AP12- Testes das Frentes		https://github.com/fcte-pi1/2026.2_PI1__Grupo2_Juliana/issues/21		A Fazer			
3.4.1 - Soldagem do circuito de regulação de tensão	https://github.com/fcte-pi1/2026.2_PI1__Grupo2_Juliana/issues/157	Oct 1, 2026	Oct 19, 2026	Atividade, Energia	AP12- Testes das Frentes		https://github.com/fcte-pi1/2026.2_PI1__Grupo2_Juliana/issues/22		A Fazer			
3.4.2 - Cabeamento de potência e chaves de proteção	https://github.com/fcte-pi1/2026.2_PI1__Grupo2_Juliana/issues/158	Oct 1, 2026	Oct 19, 2026	Atividade, Energia	AP12- Testes das Frentes		https://github.com/fcte-pi1/2026.2_PI1__Grupo2_Juliana/issues/22		A Fazer			
3.5.1 - Soldagem do microcontrolador e barramentos	https://github.com/fcte-pi1/2026.2_PI1__Grupo2_Juliana/issues/159	Oct 1, 2026	Oct 19, 2026	Atividade, Eletrõnica	AP12- Testes das Frentes		https://github.com/fcte-pi1/2026.2_PI1__Grupo2_Juliana/issues/23		A Fazer			
3.5.2 - Integração dos sensores e driver de motor	https://github.com/fcte-pi1/2026.2_PI1__Grupo2_Juliana/issues/160	Oct 1, 2026	Oct 19, 2026	Atividade, Eletrõnica	AP12- Testes das Frentes		https://github.com/fcte-pi1/2026.2_PI1__Grupo2_Juliana/issues/23		A Fazer			
3.6.1 - Implementar leitura de sensores e filtro de ruídos	https://github.com/fcte-pi1/2026.2_PI1__Grupo2_Juliana/issues/161	Oct 1, 2026	Oct 19, 2026	Atividade, Back-end, Software	AP12- Testes das Frentes		https://github.com/fcte-pi1/2026.2_PI1__Grupo2_Juliana/issues/24		A Fazer			
3.6.2 - Implementar controle de motores e PID	https://github.com/fcte-pi1/2026.2_PI1__Grupo2_Juliana/issues/162	Oct 1, 2026	Oct 19, 2026	Atividade, Back-end, Software	AP12- Testes das Frentes		https://github.com/fcte-pi1/2026.2_PI1__Grupo2_Juliana/issues/24		A Fazer			
3.7.1 - Programar a lógica do Flood Fill	https://github.com/fcte-pi1/2026.2_PI1__Grupo2_Juliana/issues/163	Oct 1, 2026	Oct 19, 2026	Atividade, Back-end, Software	AP12- Testes das Frentes		https://github.com/fcte-pi1/2026.2_PI1__Grupo2_Juliana/issues/25		A Fazer			
3.7.2 - Integrar a navegação com a movimentação real	https://github.com/fcte-pi1/2026.2_PI1__Grupo2_Juliana/issues/164	Oct 1, 2026	Oct 19, 2026	Atividade, Back-end, Software	AP12- Testes das Frentes		https://github.com/fcte-pi1/2026.2_PI1__Grupo2_Juliana/issues/25		A Fazer			
3.8.1 - Desenvolver o Front-end e o Dashboard	https://github.com/fcte-pi1/2026.2_PI1__Grupo2_Juliana/issues/165	Oct 1, 2026	Oct 19, 2026	Atividade, Front-end, Software	AP12- Testes das Frentes		https://github.com/fcte-pi1/2026.2_PI1__Grupo2_Juliana/issues/27		A Fazer			
3.8.2 - Desenvolver o Back-end e Banco de Dados	https://github.com/fcte-pi1/2026.2_PI1__Grupo2_Juliana/issues/166	Oct 1, 2026	Oct 19, 2026	Atividade, Back-end, Software	AP12- Testes das Frentes		https://github.com/fcte-pi1/2026.2_PI1__Grupo2_Juliana/issues/27		A Fazer			
3.5 — Eletrônica Embarcada	https://github.com/fcte-pi1/2026.2_PI1__Grupo2_Juliana/issues/23	Oct 1, 2026	Oct 19, 2026	Eletrõnica, Pacote de Trabalho	AP12- Testes das Frentes	CeciliaCunha, cwtshh, Jagaima, LuisGuilherme67, MatielloAL	https://github.com/fcte-pi1/2026.2_PI1__Grupo2_Juliana/issues/7	0 / 2 (0%)	A Fazer			
3.4 — Subsistema de Alimentação	https://github.com/fcte-pi1/2026.2_PI1__Grupo2_Juliana/issues/22	Oct 1, 2026	Oct 19, 2026	Energia, Pacote de Trabalho	AP12- Testes das Frentes	CeciliaCunha, cwtshh, Jagaima, LuisGuilherme67, MatielloAL	https://github.com/fcte-pi1/2026.2_PI1__Grupo2_Juliana/issues/7	0 / 2 (0%)	A Fazer			
3. Entrega 3 — Construção e Testes das Frentes	https://github.com/fcte-pi1/2026.2_PI1__Grupo2_Juliana/issues/7	Oct 1, 2026	Oct 26, 2026	Entrega, Geral		CeciliaCunha, cwtshh, Jagaima, LuisGuilherme67, MatielloAL	https://github.com/fcte-pi1/2026.2_PI1__Grupo2_Juliana/issues/3	0 / 9 (0%)	A Fazer			
3.2 — Chassi e Sistema de Locomoção	https://github.com/fcte-pi1/2026.2_PI1__Grupo2_Juliana/issues/20	Oct 1, 2026	Oct 19, 2026	Estruturas, Pacote de Trabalho	AP12- Testes das Frentes	CeciliaCunha, cwtshh, Jagaima, LuisGuilherme67, MatielloAL	https://github.com/fcte-pi1/2026.2_PI1__Grupo2_Juliana/issues/7	0 / 2 (0%)	A Fazer			
3.3 — Labirinto de Testes	https://github.com/fcte-pi1/2026.2_PI1__Grupo2_Juliana/issues/21	Oct 1, 2026	Oct 19, 2026	Estruturas, Pacote de Trabalho	AP12- Testes das Frentes	CeciliaCunha, cwtshh, Jagaima, LuisGuilherme67, MatielloAL	https://github.com/fcte-pi1/2026.2_PI1__Grupo2_Juliana/issues/7	0 / 2 (0%)	A Fazer			
F3. Execução	https://github.com/fcte-pi1/2026.2_PI1__Grupo2_Juliana/issues/3	Oct 1, 2026	Nov 23, 2026	Fase, Geral		CeciliaCunha, cwtshh, Jagaima, LuisGuilherme67, MatielloAL		0 / 2 (0%)	A Fazer			
3.1 — Aquisição de Componentes	https://github.com/fcte-pi1/2026.2_PI1__Grupo2_Juliana/issues/19	Oct 1, 2026	Oct 19, 2026	Geral, Pacote de Trabalho	AP12- Testes das Frentes	CeciliaCunha, cwtshh, Jagaima, LuisGuilherme67, MatielloAL	https://github.com/fcte-pi1/2026.2_PI1__Grupo2_Juliana/issues/7	0 / 2 (0%)	A Fazer			
3.6 — Firmware de Sensoriamento e Atuação	https://github.com/fcte-pi1/2026.2_PI1__Grupo2_Juliana/issues/24	Oct 1, 2026	Oct 19, 2026	Pacote de Trabalho, Software	AP12- Testes das Frentes	CeciliaCunha, cwtshh, Jagaima, LuisGuilherme67, MatielloAL	https://github.com/fcte-pi1/2026.2_PI1__Grupo2_Juliana/issues/7	0 / 2 (0%)	A Fazer			
3.7 — Algoritmo de Navegação (Flood Fill)	https://github.com/fcte-pi1/2026.2_PI1__Grupo2_Juliana/issues/25	Oct 1, 2026	Oct 19, 2026	Pacote de Trabalho, Software	AP12- Testes das Frentes	CeciliaCunha, cwtshh, Jagaima, LuisGuilherme67, MatielloAL	https://github.com/fcte-pi1/2026.2_PI1__Grupo2_Juliana/issues/7	0 / 2 (0%)	A Fazer			
3.8 — Sistema Web de Telemetria	https://github.com/fcte-pi1/2026.2_PI1__Grupo2_Juliana/issues/27	Oct 1, 2026	Oct 19, 2026	Pacote de Trabalho, Software	AP12- Testes das Frentes	CeciliaCunha, cwtshh, Jagaima, LuisGuilherme67, MatielloAL	https://github.com/fcte-pi1/2026.2_PI1__Grupo2_Juliana/issues/7	0 / 2 (0%)	A Fazer			
3.9.1 - Executar e documentar os testes de estrutura	https://github.com/fcte-pi1/2026.2_PI1__Grupo2_Juliana/issues/167	Oct 19, 2026	Oct 26, 2026	Atividade, Estruturas	AP12- Testes das Frentes	cwtshh	https://github.com/fcte-pi1/2026.2_PI1__Grupo2_Juliana/issues/28		A Fazer			
3.9.2 - Executar e documentar os testes de energia	https://github.com/fcte-pi1/2026.2_PI1__Grupo2_Juliana/issues/168	Oct 19, 2026	Oct 26, 2026	Atividade, Energia	AP12- Testes das Frentes	Jagaima	https://github.com/fcte-pi1/2026.2_PI1__Grupo2_Juliana/issues/28		A Fazer			
3.9.3 - Executar e documentar os testes de hardware	https://github.com/fcte-pi1/2026.2_PI1__Grupo2_Juliana/issues/169	Oct 19, 2026	Oct 26, 2026	Atividade, Eletrõnica	AP12- Testes das Frentes	LuisGuilherme67	https://github.com/fcte-pi1/2026.2_PI1__Grupo2_Juliana/issues/28		A Fazer			
3.9.4 - Executar e documentar os testes de software	https://github.com/fcte-pi1/2026.2_PI1__Grupo2_Juliana/issues/170	Oct 19, 2026	Oct 26, 2026	Atividade, Software	AP12- Testes das Frentes	MatielloAL	https://github.com/fcte-pi1/2026.2_PI1__Grupo2_Juliana/issues/28		A Fazer			
3.9 — Testes das Frentes	https://github.com/fcte-pi1/2026.2_PI1__Grupo2_Juliana/issues/28	Oct 19, 2026	Oct 26, 2026	Geral, Pacote de Trabalho	AP12- Testes das Frentes	CeciliaCunha, cwtshh, Jagaima, LuisGuilherme67, MatielloAL	https://github.com/fcte-pi1/2026.2_PI1__Grupo2_Juliana/issues/7	0 / 4 (0%)	A Fazer			
4.1.1 — Integração Hardware—Estrutura	https://github.com/fcte-pi1/2026.2_PI1__Grupo2_Juliana/issues/30	Oct 26, 2026	Nov 23, 2026	Atividade, Eletrõnica, Estruturas	AP18 - Testes de Integração	cwtshh, LuisGuilherme67	https://github.com/fcte-pi1/2026.2_PI1__Grupo2_Juliana/issues/33		A Fazer			
4.1.2 — Integração Firmware—Hardware*	https://github.com/fcte-pi1/2026.2_PI1__Grupo2_Juliana/issues/31	Oct 26, 2026	Nov 23, 2026	Atividade, Eletrõnica, Software	AP18 - Testes de Integração	LuisGuilherme67, MatielloAL	https://github.com/fcte-pi1/2026.2_PI1__Grupo2_Juliana/issues/33		A Fazer			
4.1.3 — Integração Firmware—Sistema Web	https://github.com/fcte-pi1/2026.2_PI1__Grupo2_Juliana/issues/171	Oct 26, 2026	Nov 23, 2026	Atividade, Software	AP18 - Testes de Integração	MatielloAL	https://github.com/fcte-pi1/2026.2_PI1__Grupo2_Juliana/issues/33		A Fazer			
4. Entrega 4 — Integração	https://github.com/fcte-pi1/2026.2_PI1__Grupo2_Juliana/issues/8	Oct 26, 2026	Nov 23, 2026	Entrega, Geral		CeciliaCunha, cwtshh, Jagaima, LuisGuilherme67, MatielloAL	https://github.com/fcte-pi1/2026.2_PI1__Grupo2_Juliana/issues/3	0 / 1 (0%)	A Fazer			
4.1 — Testes de Integração	https://github.com/fcte-pi1/2026.2_PI1__Grupo2_Juliana/issues/33	Oct 26, 2026	Nov 23, 2026	Geral, Pacote de Trabalho	AP18 - Testes de Integração	CeciliaCunha, cwtshh, Jagaima, LuisGuilherme67, MatielloAL	https://github.com/fcte-pi1/2026.2_PI1__Grupo2_Juliana/issues/8	0 / 3 (0%)	A Fazer			
5.1.1 - Elaborar os slides da apresentação final (Pitch)	https://github.com/fcte-pi1/2026.2_PI1__Grupo2_Juliana/issues/172	Nov 24, 2026	Dec 2, 2026	Atividade, Geral	AP20 - Encerramento	CeciliaCunha, cwtshh, Jagaima, LuisGuilherme67, MatielloAL	https://github.com/fcte-pi1/2026.2_PI1__Grupo2_Juliana/issues/34		A Fazer			
5.1.2 - Preparar demonstração física do robô e sistema web	https://github.com/fcte-pi1/2026.2_PI1__Grupo2_Juliana/issues/173	Nov 24, 2026	Dec 2, 2026	Atividade, Geral	AP20 - Encerramento	CeciliaCunha, cwtshh, Jagaima, LuisGuilherme67, MatielloAL	https://github.com/fcte-pi1/2026.2_PI1__Grupo2_Juliana/issues/34		A Fazer			
5. Entrega 5 — Apresentação e Encerramento	https://github.com/fcte-pi1/2026.2_PI1__Grupo2_Juliana/issues/9	Nov 24, 2026	Dec 4, 2026	Entrega, Geral		CeciliaCunha, cwtshh, Jagaima, LuisGuilherme67, MatielloAL	https://github.com/fcte-pi1/2026.2_PI1__Grupo2_Juliana/issues/4	0 / 3 (0%)	A Fazer			
F4. Encerramento	https://github.com/fcte-pi1/2026.2_PI1__Grupo2_Juliana/issues/4	Nov 24, 2026	Dec 4, 2026	Fase, Geral		CeciliaCunha, cwtshh, Jagaima, LuisGuilherme67, MatielloAL		0 / 1 (0%)	A Fazer			
5.1 — Apresentação do Produto	https://github.com/fcte-pi1/2026.2_PI1__Grupo2_Juliana/issues/34	Nov 24, 2026	Dec 2, 2026	Geral, Pacote de Trabalho	AP20 - Encerramento	CeciliaCunha, cwtshh, Jagaima, LuisGuilherme67, MatielloAL	https://github.com/fcte-pi1/2026.2_PI1__Grupo2_Juliana/issues/9	0 / 2 (0%)	A Fazer			
5.2.1 - Preencher a avaliação de desempenho da equipe	https://github.com/fcte-pi1/2026.2_PI1__Grupo2_Juliana/issues/174	Nov 30, 2026	Dec 4, 2026	Atividade, Geral	AP20 - Encerramento	CeciliaCunha, cwtshh, Jagaima, LuisGuilherme67, MatielloAL	https://github.com/fcte-pi1/2026.2_PI1__Grupo2_Juliana/issues/35		A Fazer			
5.3.1 - Antecipar o relatório de encerramento do projeto	https://github.com/fcte-pi1/2026.2_PI1__Grupo2_Juliana/issues/175	Nov 30, 2026	Dec 4, 2026	Atividade, Geral	AP20 - Encerramento	CeciliaCunha, cwtshh, Jagaima, LuisGuilherme67, MatielloAL	https://github.com/fcte-pi1/2026.2_PI1__Grupo2_Juliana/issues/36		A Fazer			
5.2 — Avaliação de Desempenho da Equipe	https://github.com/fcte-pi1/2026.2_PI1__Grupo2_Juliana/issues/35	Nov 30, 2026	Dec 4, 2026	Geral, Pacote de Trabalho	AP20 - Encerramento	CeciliaCunha, cwtshh, Jagaima, LuisGuilherme67, MatielloAL	https://github.com/fcte-pi1/2026.2_PI1__Grupo2_Juliana/issues/9	0 / 1 (0%)	A Fazer			
5.3 — Relatório de Encerramento	https://github.com/fcte-pi1/2026.2_PI1__Grupo2_Juliana/issues/36	Nov 30, 2026	Dec 4, 2026	Geral, Pacote de Trabalho	AP20 - Encerramento	CeciliaCunha, cwtshh, Jagaima, LuisGuilherme67, MatielloAL	https://github.com/fcte-pi1/2026.2_PI1__Grupo2_Juliana/issues/9	0 / 1 (0%)	A Fazer			
[RF01-C] Alojamento e Proteção de Componentes Eletrônicos	https://github.com/fcte-pi1/2026.2_PI1__Grupo2_Juliana/issues/42			Atividade, Estruturas, RF	AP3 - Requisitos	anabiacs	https://github.com/fcte-pi1/2026.2_PI1__Grupo2_Juliana/issues/150		Backlog do Produto			
[RF02-C]  Interface de Fixação de Atuação e Rolagem	https://github.com/fcte-pi1/2026.2_PI1__Grupo2_Juliana/issues/44			Atividade, Estruturas, RF	AP3 - Requisitos	Mach1r0	https://github.com/fcte-pi1/2026.2_PI1__Grupo2_Juliana/issues/150		Backlog do Produto			
[RF03-C] Acessibilidade e Modularidade Estrutural	https://github.com/fcte-pi1/2026.2_PI1__Grupo2_Juliana/issues/47			Atividade, Estruturas, RF	AP3 - Requisitos	anabiacs	https://github.com/fcte-pi1/2026.2_PI1__Grupo2_Juliana/issues/150		Backlog do Produto			
[RF04-C] Posicionamento e Visibilidade dos Sensores	https://github.com/fcte-pi1/2026.2_PI1__Grupo2_Juliana/issues/48			Atividade, Estruturas, RF	AP3 - Requisitos	cwtshh	https://github.com/fcte-pi1/2026.2_PI1__Grupo2_Juliana/issues/150		Backlog do Produto			
[RNF01-C] Manobrabilidade	https://github.com/fcte-pi1/2026.2_PI1__Grupo2_Juliana/issues/54			Atividade, Estruturas, RNF	AP3 - Requisitos	anabiacs	https://github.com/fcte-pi1/2026.2_PI1__Grupo2_Juliana/issues/150		Backlog do Produto			
[RNF02-C] Limite de massa e Eficiência Dinâmica	https://github.com/fcte-pi1/2026.2_PI1__Grupo2_Juliana/issues/55			Atividade, Estruturas, RNF	AP3 - Requisitos	cwtshh	https://github.com/fcte-pi1/2026.2_PI1__Grupo2_Juliana/issues/150		Backlog do Produto			
[RNF03-C] Resistência Mecânica	https://github.com/fcte-pi1/2026.2_PI1__Grupo2_Juliana/issues/56			Atividade, Estruturas, RNF	AP3 - Requisitos	cwtshh	https://github.com/fcte-pi1/2026.2_PI1__Grupo2_Juliana/issues/150		Backlog do Produto			
[RNF04-C] Gerenciamento de Cabos	https://github.com/fcte-pi1/2026.2_PI1__Grupo2_Juliana/issues/58			Atividade, Estruturas, RNF	AP3 - Requisitos	Mach1r0	https://github.com/fcte-pi1/2026.2_PI1__Grupo2_Juliana/issues/150		Backlog do Produto			
[RNF05-C] Tolerância de Fabricação	https://github.com/fcte-pi1/2026.2_PI1__Grupo2_Juliana/issues/59			Atividade, Estruturas, RNF	AP3 - Requisitos	Mach1r0	https://github.com/fcte-pi1/2026.2_PI1__Grupo2_Juliana/issues/150		Backlog do Produto			
[RNF06-C] Facilidade de Manutenção Mecânica	https://github.com/fcte-pi1/2026.2_PI1__Grupo2_Juliana/issues/60			Atividade, Estruturas, RNF	AP3 - Requisitos	cwtshh	https://github.com/fcte-pi1/2026.2_PI1__Grupo2_Juliana/issues/150		Backlog do Produto			
[RF01-C-Lab] Padronização das Células	https://github.com/fcte-pi1/2026.2_PI1__Grupo2_Juliana/issues/63			Atividade, Estruturas, RF	AP3 - Requisitos	anabiacs	https://github.com/fcte-pi1/2026.2_PI1__Grupo2_Juliana/issues/150		Backlog do Produto			
[RF02-C-Lab] Encaixe Modular das Paredes	https://github.com/fcte-pi1/2026.2_PI1__Grupo2_Juliana/issues/64			Atividade, Estruturas, RF	AP3 - Requisitos	cwtshh	https://github.com/fcte-pi1/2026.2_PI1__Grupo2_Juliana/issues/150		Backlog do Produto			
[RF03-C-Lab] Reconfiguração do Percurso	https://github.com/fcte-pi1/2026.2_PI1__Grupo2_Juliana/issues/65			Atividade, Estruturas, RF	AP3 - Requisitos	cwtshh	https://github.com/fcte-pi1/2026.2_PI1__Grupo2_Juliana/issues/150		Backlog do Produto			
[RF04-C-Lab] Delimitação de Partida e Chegada	https://github.com/fcte-pi1/2026.2_PI1__Grupo2_Juliana/issues/66			Atividade, Estruturas, RF	AP3 - Requisitos	Mach1r0	https://github.com/fcte-pi1/2026.2_PI1__Grupo2_Juliana/issues/150		Backlog do Produto			
[RF05-C-Lab] Fixação das Paredes	https://github.com/fcte-pi1/2026.2_PI1__Grupo2_Juliana/issues/67			Atividade, Estruturas, RF	AP3 - Requisitos	cwtshh	https://github.com/fcte-pi1/2026.2_PI1__Grupo2_Juliana/issues/150		Backlog do Produto			
[RNF-C-Lab08] — Marcação de Células	https://github.com/fcte-pi1/2026.2_PI1__Grupo2_Juliana/issues/83			Atividade, Estruturas, RNF	AP3 - Requisitos	Mach1r0	https://github.com/fcte-pi1/2026.2_PI1__Grupo2_Juliana/issues/150		Backlog do Produto			
[RNF-C-Lab01] — Material das paredes	https://github.com/fcte-pi1/2026.2_PI1__Grupo2_Juliana/issues/74			Atividade, Estruturas, RNF	AP3 - Requisitos	anabiacs	https://github.com/fcte-pi1/2026.2_PI1__Grupo2_Juliana/issues/150		Backlog do Produto			
[RNF-C-Lab02] — Peso máximo por peça	https://github.com/fcte-pi1/2026.2_PI1__Grupo2_Juliana/issues/76			Atividade, Estruturas, RNF	AP3 - Requisitos	anabiacs	https://github.com/fcte-pi1/2026.2_PI1__Grupo2_Juliana/issues/150		Backlog do Produto			
[RNF-C-Lab03] — Acabamento das superfícies	https://github.com/fcte-pi1/2026.2_PI1__Grupo2_Juliana/issues/77			Atividade, Estruturas, RNF	AP3 - Requisitos	Mach1r0	https://github.com/fcte-pi1/2026.2_PI1__Grupo2_Juliana/issues/150		Backlog do Produto			
[RNF-C-Lab04] — Resistência a colisões	https://github.com/fcte-pi1/2026.2_PI1__Grupo2_Juliana/issues/79			Atividade, Estruturas, RNF	AP3 - Requisitos	anabiacs	https://github.com/fcte-pi1/2026.2_PI1__Grupo2_Juliana/issues/150		Backlog do Produto			
[RNF-C-Lab05] — Tolerância dimensional	https://github.com/fcte-pi1/2026.2_PI1__Grupo2_Juliana/issues/80			Atividade, Estruturas	AP3 - Requisitos	anabiacs	https://github.com/fcte-pi1/2026.2_PI1__Grupo2_Juliana/issues/150		Backlog do Produto			
[RNF-C-Lab06] — Padrão de Piso	https://github.com/fcte-pi1/2026.2_PI1__Grupo2_Juliana/issues/81			Atividade, Estruturas	AP3 - Requisitos	cwtshh	https://github.com/fcte-pi1/2026.2_PI1__Grupo2_Juliana/issues/150		Backlog do Produto			
[RNF-C-Lab07] — Controle de Iluminação Ambiente	https://github.com/fcte-pi1/2026.2_PI1__Grupo2_Juliana/issues/82			Atividade, Estruturas, RNF	AP3 - Requisitos	Mach1r0	https://github.com/fcte-pi1/2026.2_PI1__Grupo2_Juliana/issues/150		Backlog do Produto			